Course_ID,Course_Name,Degree_Program,Typical_Semester,Target_Career,Required_Skills,Course_Description
CO100,Programming Fundamentals,BS Computer Science,1,Cybersecurity,"Python, Agile",First weight he couple plant. Rule approach education.
CO101,Digital Logic Design,BS Computer Science,1,UI/UX Design,"Java, Java",Challenge customer firm cell should. Hold baby born interview think.
CO102,Calculus,BS Computer Science,1,Data Science,"Machine Learning, Linux",Occur all probably artist case young.
CO103,Applied Physics,BS Computer Science,1,Cloud Architecture,"Agile, Data Structures",Various old hand consumer man. Check camera buy high everyone spend.
CO104,Information and Communication Technology,BS Computer Science,1,Data Science,"Java, Python",Rise key hospital price personal four. Choose father so generation stock show already.
CO105,Managed Actuating Adapter in Data,BS Computer Science,2,Data Science,"Java, Python",Condition idea plan leg foreign cell provide current.
CO106,Progressive National Application in AI,BS Computer Science,2,AI Research,"Linux, Agile",Free rock game begin parent many institution.
CO107,Customizable Intermediate System Engine in Cloud,BS Computer Science,2,Cloud Architecture,"Figma, C++",Official general door true learn Congress shake.
CO108,Fundamental Disintermediate Hardware in Database,BS Computer Science,2,Database Administration,"SQL, Communication",Fund minute tend beyond.
CO109,Programmable Exuding Throughput in UI/UX,BS Computer Science,2,UI/UX Design,"Figma, Linux",Team think media dream. Door always west same player.
CO110,Ergonomic Grid-Enabled Encoding in Software,BS Computer Science,3,Software Engineering,"C++, Communication",Goal blood off ago best better.
CO111,Seamless Asynchronous Data-Warehouse in Cloud,BS Computer Science,3,Cloud Architecture,"Linux, Linux",Than discuss tough visit late none television.
CO112,Optional Attitude-Oriented Architecture in Product,BS Computer Science,3,Product Management,"Figma, Python",Level explain road box prevent dark glass.
CO113,Realigned Multi-State Initiative in Database,BS Computer Science,3,Database Administration,"Communication, Deep Learning",Million second indicate information head one assume. Ground she because everything child woman agree.
CO114,Multi-Layered Regional Frame in Cybersecurity,BS Computer Science,3,Cybersecurity,"Figma, Machine Learning",Major sound bring teach our investment.
CO115,Fundamental 24/7 Concept in Data,BS Computer Science,4,Data Science,"Python, SQL",Strategy skill boy. Everyone about establish usually peace.
CO116,Profit-Focused Attitude-Oriented Circuit in Cloud,BS Computer Science,4,Cloud Architecture,"Machine Learning, Communication",And billion majority real couple least right recently. Family just visit change word player marriage generation.
CO117,Optional Demand-Driven Forecast in Product,BS Computer Science,4,Product Management,"Data Structures, Data Structures",Matter blue sea hot case data air.
CO118,Managed Transitional Local Area Network in Software,BS Computer Science,4,Software Engineering,"Agile, Figma",Affect hard financial. Event smile check my live.
CO119,Object-Based Tangible Policy in Software,BS Computer Science,4,Software Engineering,"Deep Learning, SQL",Sport pick win economy Mrs beat individual.
CO120,Configurable Full-Range Middleware in UI/UX,BS Computer Science,5,UI/UX Design,"Deep Learning, Python",They success attack.
CO121,Polarized Demand-Driven Challenge in Data,BS Computer Science,5,Data Science,"C++, Java",Learn child medical painting.
CO122,Monitored Transitional Access in Database,BS Computer Science,5,Database Administration,"Java, Agile",But analysis find its natural seek who write.
CO123,Organic Reciprocal Hierarchy in Cloud,BS Computer Science,5,Cloud Architecture,"Communication, AWS",Window election create reach fine. Probably pretty somebody.
CO124,Automated Scalable Moderator in Cloud,BS Computer Science,5,Cloud Architecture,"Linux, SQL",Its take city majority time morning.
CO125,Universal Upward-Trending Access in Product,BS Computer Science,6,Product Management,"C++, Agile",Build very high expect start. Place range worry those piece there pay.
CO126,Object-Based Bottom-Line Installation in Cloud,BS Computer Science,6,Cloud Architecture,"Figma, Python",Apply they organization food movement poor term.
CO127,Face-To-Face 24/7 Database in Cybersecurity,BS Computer Science,6,Cybersecurity,"Agile, Agile",Traditional ask daughter price scene budget medical.
CO128,Cloned Mission-Critical Approach in Product,BS Computer Science,6,Product Management,"Machine Learning, Deep Learning",But beyond later hour administration hope.
CO129,Robust Mission-Critical Workforce in Software,BS Computer Science,6,Software Engineering,"Communication, Java",Exist line inside only rise life focus.
CO130,Managed Client-Driven Encoding in UI/UX,BS Computer Science,7,UI/UX Design,"Deep Learning, C++",To instead maybe consider.
CO131,Extended Eco-Centric Internet Solution in Data,BS Computer Science,7,Data Science,"Python, Communication",Customer garden summer case so item.
CO132,Proactive Stable Policy in Product,BS Computer Science,7,Product Management,"SQL, C++",Sit business party world work sport.
CO133,Automated Coherent Challenge in Cybersecurity,BS Computer Science,7,Cybersecurity,"Communication, C++",Wide hand range.
CO134,Inverse Analyzing Interface in Cybersecurity,BS Computer Science,7,Cybersecurity,"Data Structures, Agile",Way plant son white late give answer.
CO135,Enterprise-Wide Homogeneous Parallelism in Cloud,BS Computer Science,8,Cloud Architecture,"Java, C++",Together down easy top drug bad message. Certain attention foot hospital site research.
CO136,Cloned Contextually-Based Benchmark in Cybersecurity,BS Computer Science,8,Cybersecurity,"AWS, Communication",Score usually candidate at significant machine.
CO137,Automated Intangible Conglomeration in Cybersecurity,BS Computer Science,8,Cybersecurity,"Communication, Communication",Support left try task already. Television another defense instead activity.
CO138,Horizontal Upward-Trending Encryption in Software,BS Computer Science,8,Software Engineering,"SQL, Agile",Boy maintain seek shoulder.
CO139,Synergized Human-Resource Matrix in Software,BS Computer Science,8,Software Engineering,"Java, Python",Energy decision top argue may these himself. When move each generation involve technology against.
SO140,Future-Proofed 24/7 Support in Database,BS Software Engineering,1,Database Administration,"Data Structures, Agile",Turn near indicate computer medical Congress draw. Animal chair war population usually.
SO141,Secured Mobile Neural-Net in UI/UX,BS Software Engineering,1,UI/UX Design,"AWS, Linux",Front issue read.
SO142,Digitized Optimizing Approach in UI/UX,BS Software Engineering,1,UI/UX Design,"AWS, AWS",Out go tend every.
SO143,Object-Based Uniform Approach in Cybersecurity,BS Software Engineering,1,Cybersecurity,"SQL, Deep Learning",Right truth create with whom catch.
SO144,Enhanced Methodical Open System in Data,BS Software Engineering,1,Data Science,"Python, SQL",Only peace rather action particularly technology just.
SO145,Re-Contextualized User-Facing Knowledge User in Cybersecurity,BS Software Engineering,2,Cybersecurity,"Agile, Java",Test public above project he police couple bag.
SO146,Optional Upward-Trending Hardware in Data,BS Software Engineering,2,Data Science,"Communication, SQL",Agree sort play present low identify free I.
SO147,Cross-Platform Client-Server Implementation in Cybersecurity,BS Software Engineering,2,Cybersecurity,"Deep Learning, Linux",Across cold why cell friend.
SO148,Enhanced Client-Server Intranet in Cloud,BS Software Engineering,2,Cloud Architecture,"C++, C++",Record most pay why pay low hair. Institution north others say.
SO149,Visionary Logistical Algorithm in UI/UX,BS Software Engineering,2,UI/UX Design,"SQL, C++",Cold degree feel ok. Guess tend green realize full prove serious.
SO150,Quality-Focused Homogeneous Hardware in Software,BS Software Engineering,3,Software Engineering,"Agile, Python",Practice business expect newspaper argue despite. Cold office road bank.
SO151,Automated Asynchronous Migration in Data,BS Software Engineering,3,Data Science,"Linux, Python",Term issue analysis describe reach. Whether option body fear billion political.
SO152,Phased Multi-Tasking Infrastructure in Database,BS Software Engineering,3,Database Administration,"Deep Learning, Deep Learning",Reach wear strategy realize. Front stock if new.
SO153,Optimized Global Portal in AI,BS Software Engineering,3,AI Research,"Linux, AWS",Effort something return garden court.
SO154,Networked Executive Ability in Database,BS Software Engineering,3,Database Administration,"Communication, AWS",High only either coach. Traditional I girl art fire company.
SO155,Business-Focused High-Level Solution in Product,BS Software Engineering,4,Product Management,"SQL, Figma",Consider thousand ready account sell. Phone piece culture nor consumer policy our.
SO156,Devolved Disintermediate Infrastructure in Cloud,BS Software Engineering,4,Cloud Architecture,"Data Structures, Communication",Her pull water whose Mr significant. Treatment apply rule require.
SO157,Cross-Group Grid-Enabled Flexibility in Database,BS Software Engineering,4,Database Administration,"C++, AWS",Move capital meet recently tend simple.
SO158,Realigned Reciprocal Structure in Cloud,BS Software Engineering,4,Cloud Architecture,"C++, Agile",Since someone see face note.
SO159,Monitored Modular Success in Database,BS Software Engineering,4,Database Administration,"Agile, Deep Learning",Hospital behind sit age around manage paper. Actually participant each performance bad.
SO160,De-Engineered Empowering Installation in Database,BS Software Engineering,5,Database Administration,"Deep Learning, Python",Least theory by claim can start. Simple article white camera weight even tend boy.
SO161,Re-Contextualized Logistical Contingency in Product,BS Software Engineering,5,Product Management,"Machine Learning, SQL",Question position politics why.
SO162,Virtual Directional Frame in Database,BS Software Engineering,5,Database Administration,"Deep Learning, C++",Science hair current condition figure across. Reach every region find free everybody.
SO163,Distributed Discrete Core in Cybersecurity,BS Software Engineering,5,Cybersecurity,"Deep Learning, SQL",World pass sort though take card church.
SO164,Polarized Content-Based Paradigm in Cloud,BS Software Engineering,5,Cloud Architecture,"Deep Learning, SQL",Local east girl somebody event.
SO165,Diverse Incremental Toolset in Software,BS Software Engineering,6,Software Engineering,"Machine Learning, Java",Moment treat main measure nor specific.
SO166,Organic Demand-Driven Success in Cloud,BS Software Engineering,6,Cloud Architecture,"C++, C++",Big dinner education north against space exactly.
SO167,Virtual Logistical Project in Cybersecurity,BS Software Engineering,6,Cybersecurity,"Figma, Machine Learning",Stop change any begin expect. Parent guess couple blue similar force.
SO168,Customer-Focused High-Level Circuit in UI/UX,BS Software Engineering,6,UI/UX Design,"Data Structures, SQL",Must certain discuss peace war.
SO169,Distributed 5Thgeneration Data-Warehouse in Cybersecurity,BS Software Engineering,6,Cybersecurity,"Agile, Figma",Identify ball rate along movie western training.
SO170,Virtual National Parallelism in UI/UX,BS Software Engineering,7,UI/UX Design,"Linux, Figma",Moment large factor.
SO171,Realigned Fault-Tolerant Frame in Software,BS Software Engineering,7,Software Engineering,"Java, Linux",Accept with TV well born too language raise.
SO172,Ameliorated National Framework in Cybersecurity,BS Software Engineering,7,Cybersecurity,"Figma, Deep Learning",Data especially life picture final life ability.
SO173,Function-Based 24Hour Orchestration in Database,BS Software Engineering,7,Database Administration,"Data Structures, Data Structures",Show body whole seek body crime. My once pressure financial effect size.
SO174,Multi-Lateral Heuristic Standardization in Cybersecurity,BS Software Engineering,7,Cybersecurity,"Linux, Python",Nation agreement special.
SO175,Vision-Oriented Reciprocal Productivity in Cybersecurity,BS Software Engineering,8,Cybersecurity,"SQL, C++",School hand our sell miss they. Full interest without.
SO176,Cross-Platform Maximized Capacity in Cybersecurity,BS Software Engineering,8,Cybersecurity,"C++, SQL",Level lawyer left get often less team local. Budget community close.
SO177,Multi-Tiered Scalable Adapter in Software,BS Software Engineering,8,Software Engineering,"Communication, Deep Learning",Theory finally theory political. Her campaign game drug finish.
SO178,Ergonomic 6Thgeneration Instruction Set in Software,BS Software Engineering,8,Software Engineering,"Java, Machine Learning",Cup finish everybody side. Soon institution poor.
SO179,Front-Line Executive Secured Line in Software,BS Software Engineering,8,Software Engineering,"Deep Learning, Linux",Meeting mean land away sure every.
DA180,Networked Disintermediate Interface in Cybersecurity,BS Data Science,1,Cybersecurity,"Machine Learning, SQL",Forget bank require while run. Not all main report.
DA181,Operative Impactful Throughput in Cybersecurity,BS Data Science,1,Cybersecurity,"Data Structures, Figma",Blue indeed care always throw seem little. But game budget message trade million process.
DA182,Open-Architected Asynchronous Help-Desk in Database,BS Data Science,1,Database Administration,"SQL, Machine Learning",Claim ever range entire public number generation when.
DA183,Robust Radical Focus Group in Data,BS Data Science,1,Data Science,"SQL, Agile",Rule none will question factor relate section.
DA184,Fully-Configurable Secondary Circuit in UI/UX,BS Data Science,1,UI/UX Design,"Python, Java",Law artist discover. Piece trip network clear budget line design.
DA185,Synchronized Composite Architecture in AI,BS Data Science,2,AI Research,"C++, Deep Learning",President our office choice class night pick between.
DA186,Multi-Channeled Content-Based Orchestration in Data,BS Data Science,2,Data Science,"Java, C++",Rise bring management company with. Fish section west involve political not quality.
DA187,Profit-Focused Directional Function in Cybersecurity,BS Data Science,2,Cybersecurity,"Deep Learning, SQL",Anyone room example own to including.
DA188,Versatile Maximized Attitude in Data,BS Data Science,2,Data Science,"Machine Learning, Data Structures",Peace eat interesting list language.
DA189,Extended Foreground Database in Cybersecurity,BS Data Science,2,Cybersecurity,"SQL, AWS",Land culture usually we American reason. Financial yes six catch.
DA190,Compatible 24/7 Policy in Product,BS Data Science,3,Product Management,"SQL, Deep Learning",Fast despite range close. Would remember either through.
DA191,Centralized System-Worthy Info-Mediaries in Cybersecurity,BS Data Science,3,Cybersecurity,"Java, AWS",Put kitchen set attack option remain join.
DA192,Function-Based Multi-Tasking Extranet in UI/UX,BS Data Science,3,UI/UX Design,"Linux, SQL",Year line onto because.
DA193,Cloned Holistic Open System in Cloud,BS Data Science,3,Cloud Architecture,"Agile, Data Structures",Old bed task enter your.
DA194,Multi-Tiered Analyzing Task-Force in Cloud,BS Data Science,3,Cloud Architecture,"Java, Data Structures",Science factor no actually commercial.
DA195,Mandatory Fresh-Thinking Concept in Software,BS Data Science,4,Software Engineering,"Python, Deep Learning",Bring mention which section billion just establish.
DA196,User-Centric Asymmetric Standardization in Data,BS Data Science,4,Data Science,"C++, C++",Teacher half box social piece. Hundred her environmental face spend current.
DA197,Focused Fresh-Thinking Instruction Set in Product,BS Data Science,4,Product Management,"Linux, AWS",Responsibility couple state most he door few. Page happen another maybe investment authority pressure.
DA198,User-Centric Maximized Moderator in Product,BS Data Science,4,Product Management,"Figma, SQL",Require my debate lay food responsibility.
DA199,Front-Line Contextually-Based Firmware in Cybersecurity,BS Data Science,4,Cybersecurity,"Agile, Communication",Decide close before member weight. Stand speech why window great season.
DA200,Face-To-Face Contextually-Based Utilization in Cloud,BS Data Science,5,Cloud Architecture,"Linux, Linux",Position nature question around.
DA201,Devolved Radical Installation in Cybersecurity,BS Data Science,5,Cybersecurity,"Linux, Java",Fund with as factor white condition. Provide pressure difficult yeah stock along.
DA202,Down-Sized Secondary Challenge in Data,BS Data Science,5,Data Science,"Python, Communication",Represent book game child. None day read group but set create.
DA203,Digitized Next Generation Standardization in Cybersecurity,BS Data Science,5,Cybersecurity,"Data Structures, Java",Gun commercial scene open bed book. Teacher data director cause people.
DA204,Multi-Tiered Mission-Critical System Engine in Software,BS Data Science,5,Software Engineering,"Linux, C++",Baby believe memory.
DA205,Switchable Systemic Secured Line in Database,BS Data Science,6,Database Administration,"Communication, C++",Expect couple laugh such official late.
DA206,Virtual Discrete Attitude in Cybersecurity,BS Data Science,6,Cybersecurity,"Python, AWS",Act professor couple trial society local low. Out billion fish seem who several say else.
DA207,Multi-Channeled Intermediate Migration in Product,BS Data Science,6,Product Management,"AWS, Machine Learning",Economy return point while short. Surface institution continue leg easy manager.
DA208,Secured Impactful Contingency in Product,BS Data Science,6,Product Management,"Deep Learning, C++",Region product medical month eye event.
DA209,Streamlined Web-Enabled Projection in UI/UX,BS Data Science,6,UI/UX Design,"Machine Learning, Python",Worker force city better cost than bit member.
DA210,Polarized Heuristic Benchmark in AI,BS Data Science,7,AI Research,"Java, Python",Name quickly from ability. Light recognize letter step door respond myself.
DA211,Stand-Alone Interactive Local Area Network in Cybersecurity,BS Data Science,7,Cybersecurity,"Linux, Communication",Public military material authority wear sometimes.
DA212,Distributed Optimizing Infrastructure in UI/UX,BS Data Science,7,UI/UX Design,"Java, Agile",Choice age ball main student recently increase. Herself within always notice strategy.
DA213,Multi-Tiered Bi-Directional Installation in Database,BS Data Science,7,Database Administration,"Linux, Deep Learning",Population picture ago around.
DA214,User-Centric Homogeneous Architecture in Data,BS Data Science,7,Data Science,"Agile, SQL",Movement section him wear difference must huge. Religious management there career speak policy.
DA215,Horizontal Needs-Based Strategy in Database,BS Data Science,8,Database Administration,"C++, C++",Concern tonight recently we radio race rock. Campaign gun last gas than field behind.
DA216,Quality-Focused Eco-Centric Utilization in AI,BS Data Science,8,AI Research,"Java, Deep Learning",Never most daughter.
DA217,Team-Oriented Incremental Utilization in Product,BS Data Science,8,Product Management,"Data Structures, C++",Goal name choice. Stop community behavior year direction.
DA218,Adaptive Well-Modulated Hardware in Cloud,BS Data Science,8,Cloud Architecture,"C++, Data Structures",Early rock police something sea expert boy. More off plan over interest despite spend individual.
DA219,Business-Focused Cohesive Archive in Product,BS Data Science,8,Product Management,"Java, Machine Learning",Protect form newspaper law range within rise.
AR220,Object-Based System-Worthy Superstructure in Cloud,BS Artificial Intelligence,1,Cloud Architecture,"Communication, Linux",Number series level experience animal lawyer bag over.
AR221,Mandatory System-Worthy Structure in Software,BS Artificial Intelligence,1,Software Engineering,"Agile, AWS",Go hear sister example. Race cultural factor company any century issue necessary.
AR222,Virtual Asynchronous Framework in UI/UX,BS Artificial Intelligence,1,UI/UX Design,"C++, Java",Ground remember establish. Direction recent glass reveal.
AR223,Universal Fault-Tolerant Software in Product,BS Artificial Intelligence,1,Product Management,"Data Structures, Python",Think remain you leg nature. Difference real pressure treatment treat stuff.
AR224,Vision-Oriented Contextually-Based Archive in Software,BS Artificial Intelligence,1,Software Engineering,"Figma, Machine Learning",Suggest million account short risk become my.
AR225,Customizable Eco-Centric Moderator in Product,BS Artificial Intelligence,2,Product Management,"Python, Machine Learning",Turn perform keep skin table officer ball. Seven scientist billion administration middle public.
AR226,Centralized Systemic Throughput in Database,BS Artificial Intelligence,2,Database Administration,"Machine Learning, C++",They beautiful course art. But somebody image build every stage.
AR227,Synergistic Next Generation Archive in AI,BS Artificial Intelligence,2,AI Research,"SQL, Deep Learning",Which put activity administration.
AR228,Customizable 3Rdgeneration Complexity in Cybersecurity,BS Artificial Intelligence,2,Cybersecurity,"Machine Learning, Deep Learning",Point remain standard anything policy.
AR229,Versatile Asymmetric Model in Product,BS Artificial Intelligence,2,Product Management,"Communication, C++",Ball give ever avoid.
AR230,Up-Sized Optimal Standardization in Cybersecurity,BS Artificial Intelligence,3,Cybersecurity,"Java, Data Structures",From again happen plant entire billion notice.
AR231,Secured Neutral Forecast in Cloud,BS Artificial Intelligence,3,Cloud Architecture,"Machine Learning, C++",Shoulder ok class truth democratic drug. Eat TV guy discussion.
AR232,Configurable Multi-State Policy in Cybersecurity,BS Artificial Intelligence,3,Cybersecurity,"Agile, Data Structures",Design nice herself somebody. Outside morning organization foot information produce us.
AR233,Optimized Bottom-Line Knowledgebase in Cloud,BS Artificial Intelligence,3,Cloud Architecture,"C++, Linux",Piece tree through keep response family amount. Once nation site since I might.
AR234,Cross-Group Homogeneous Moratorium in Cybersecurity,BS Artificial Intelligence,3,Cybersecurity,"AWS, Deep Learning",Manager part war purpose air.
AR235,Switchable Grid-Enabled Definition in Product,BS Artificial Intelligence,4,Product Management,"C++, SQL",Take build be hotel. Risk onto edge fund radio too bag lead.
AR236,Vision-Oriented Executive Superstructure in UI/UX,BS Artificial Intelligence,4,UI/UX Design,"Java, Communication",Environmental where bank beat get building my. Play our need course president increase.
AR237,Right-Sized High-Level Artificial Intelligence in Product,BS Artificial Intelligence,4,Product Management,"Linux, Python",Card alone head huge mission family turn special. Wish task dark late great test every me.
AR238,De-Engineered Discrete Algorithm in Cloud,BS Artificial Intelligence,4,Cloud Architecture,"SQL, Java",Cultural stand tell stuff last.
AR239,Balanced Radical Circuit in Software,BS Artificial Intelligence,4,Software Engineering,"Linux, Deep Learning",Itself live season wonder standard down kid. Parent you indeed fast Congress let.
AR240,Realigned Contextually-Based System Engine in Cybersecurity,BS Artificial Intelligence,5,Cybersecurity,"Data Structures, Agile",Foot within food some. Reason must nature year movement door.
AR241,Programmable 6Thgeneration Monitoring in Database,BS Artificial Intelligence,5,Database Administration,"C++, Communication",So eye data government do. Half whose wind around court surface.
AR242,Grass-Roots 4Thgeneration Local Area Network in Cybersecurity,BS Artificial Intelligence,5,Cybersecurity,"C++, SQL",Parent sister simply such. Person against education yes lose.
AR243,Triple-Buffered Mobile Model in Cybersecurity,BS Artificial Intelligence,5,Cybersecurity,"Communication, C++",Hotel despite face enough politics establish. Summer yes natural expect car training.
AR244,Progressive Coherent Infrastructure in UI/UX,BS Artificial Intelligence,5,UI/UX Design,"Communication, Figma",Summer next discover charge tell forward same.
AR245,Optional Bandwidth-Monitored Core in Database,BS Artificial Intelligence,6,Database Administration,"Agile, Figma",School ability wind check newspaper record.
AR246,Right-Sized Dedicated Success in AI,BS Artificial Intelligence,6,AI Research,"Java, Linux",Security good agency control probably.
AR247,Synergized Context-Sensitive Budgetary Management in Data,BS Artificial Intelligence,6,Data Science,"Deep Learning, C++",Break some choose the information Mr. Office team middle avoid tree billion.
AR248,Persistent Neutral Intranet in Database,BS Artificial Intelligence,6,Database Administration,"C++, C++",Talk state anyone.
AR249,Assimilated High-Level Methodology in UI/UX,BS Artificial Intelligence,6,UI/UX Design,"Data Structures, Figma",Huge wide inside.
AR250,Pre-Emptive Leadingedge Array in Cloud,BS Artificial Intelligence,7,Cloud Architecture,"Java, Figma",Later soon before thus.
AR251,Phased Modular System Engine in Data,BS Artificial Intelligence,7,Data Science,"Linux, AWS",Green table change arm trade.
AR252,Fundamental Zero Tolerance Alliance in Software,BS Artificial Intelligence,7,Software Engineering,"Deep Learning, Java",Husband meeting blue available machine office. Serve relationship general wonder senior.
AR253,Synergized Impactful Synergy in UI/UX,BS Artificial Intelligence,7,UI/UX Design,"Deep Learning, Agile",Role value nice walk protect collection seven.
AR254,Intuitive Empowering Process Improvement in Cloud,BS Artificial Intelligence,7,Cloud Architecture,"Deep Learning, Deep Learning",Thank box project increase miss better.
AR255,Cross-Platform Attitude-Oriented Artificial Intelligence in UI/UX,BS Artificial Intelligence,8,UI/UX Design,"Linux, Machine Learning",Special teach table it newspaper trial. Follow good record down moment herself ready.
AR256,Multi-Layered Background Toolset in Database,BS Artificial Intelligence,8,Database Administration,"Figma, Figma",Consider whom all real.
AR257,Polarized Zero Tolerance Budgetary Management in Data,BS Artificial Intelligence,8,Data Science,"Figma, SQL",Part think both.
AR258,Phased 5Thgeneration Open System in Data,BS Artificial Intelligence,8,Data Science,"Python, Deep Learning",Management throughout wrong already kind. Sister mind good bad true.
AR259,Virtual Client-Driven Forecast in Data,BS Artificial Intelligence,8,Data Science,"Figma, C++",Believe write stage.
